"inhibs_rojo";"num_torres_rojo";"num_torres_azul";"DamageObjectives_rojo";"inhibs_azul";"DamageObjectives_azul";"kda_adc_rojo";"kda_jng_rojo";"kda_mid_azul";"kda_jng_azul";"kda_mid_rojo";"num_nashors_rojo";"kda_sup_azul";"kda_sup_rojo";"kda_adc_azul";"num_asesinatos_rojo";"kda_top_rojo";"kda_top_azul";"num_asesinatos_azul";"num_nashors_azul";"num_dragones_rojo";"num_dragones_azul";"double_k_rojo";"diff_oro_al_15";"diferencia_exp";"oro_al_15_rojo";"double_k_azul";"cura_rojo";"oro_al_15_azul";"cura_azul";"gana_azul"
0;1;11;664,516129032258;3;3067,74193548387;1,57142857142857;5;16;16;2;0;3,25;2,5;5;12;1,75;3,66666666666667;21;2;1;3;1;1200;-39;24200;4;699,741935483871;25400;1413,03225806452;"si"
0;2;9;456,666666666667;2;3260;2,66666666666667;1,6;4;4,66666666666667;2,66666666666667;0;13;1,5;6,5;10;2,5;5;17;2;0;4;0;3100;1544;22400;4;535,933333333333;25500;1112,73333333333;"si"
0;4;7;1488,88888888889;1;2197,22222222222;1,33333333333333;1,2;4,33333333333333;4;3,33333333333333;0;4,5;2,5;16;14;3,5;6,66666666666667;22;0;3;3;0;2100;2475;23100;1;1137,77777777778;25200;1129,52777777778;"si"
0;1;10;1158,06451612903;2;2254,83870967742;3;3,5;4,5;3;6;0;13;0,666666666666667;6;9;1,5;5;14;1;2;3;0;2600;-1252;22700;1;611,645161290323;25300;989,032258064516;"si"
0;2;8;878,125;2;2259,375;1,25;1,66666666666667;11;17;1,5;0;4,5;0,6;7;8;1,2;7,5;21;1;1;3;2;1800;2733;23000;4;583,34375;24800;922,125;"si"
0;3;8;1277,41935483871;1;2093,54838709677;1,33333333333333;7;5,5;10;1;0;6,5;2;9;7;2,5;5;13;1;3;1;1;255;-122;23700;2;745,806451612903;24000;867,451612903226;"si"
0;1;9;972,413793103448;2;2410,34482758621;6;2,66666666666667;8;12;0,75;0;3,66666666666667;0,333333333333333;15;8;1,2;2;19;1;1;3;1;3800;3488;24300;3;912,241379310345;28100;882,793103448276;"si"
0;3;11;1039,39393939394;2;2415,15151515152;1;2,66666666666667;3;2,25;1,6;0;12;2;12;10;0,8;15;19;1;2;3;0;-147;-2464;24500;1;976,242424242424;24400;810,969696969697;"si"
0;0;7;535;1;2280;0,4;0,75;12;17;0,2;0;12;0,666666666666667;13;3;1;4;19;0;0;3;0;3100;4090;22900;3;584,75;25900;636,1;"si"
0;6;8;1678,37837837838;1;1759,45945945946;7;0,75;11;5;2;1;9;0,666666666666667;9;7;1,25;5;14;0;1;4;1;-1900;-1087;25000;0;1202,24324324324;23100;784,405405405405;"si"
0;1;8;1020,68965517241;1;2827,58620689655;0,5;1;19;5,75;2,66666666666667;0;12;0,5;8,33333333333333;9;2;19;27;1;3;1;2;2300;-91;23000;4;742,068965517241;24800;973,965517241379;"si"
0;6;11;1244,44444444444;3;2788,88888888889;1,33333333333333;1;6;6;3;0;11;4;4,5;6;0,666666666666667;8;13;2;2;3;0;-3100;-2813;26200;0;632,527777777778;23100;1181,55555555556;"si"
0;1;11;539,393939393939;2;3633,33333333333;1,75;1,2;4,25;15;2;0;16;1,5;11;8;1;5,5;20;2;1;4;1;4400;2258;21600;3;494,606060606061;26000;710,878787878788;"si"
0;1;11;823,529411764706;2;2705,88235294118;1,25;1,16666666666667;3,75;8,5;1,28571428571429;0;12;2,66666666666667;8,5;12;1,75;4;24;1;0;5;0;-1100;703;23700;0;860,411764705882;22600;1145,70588235294;"si"
0;1;8;800;1;2366,66666666667;1,25;1;22;20;0,714285714285714;0;20;0,6;9;8;2;6,33333333333333;25;1;0;3;2;2800;2571;24000;4;908,814814814815;26800;1486,62962962963;"si"
0;0;9;774,074074074074;1;2607,40740740741;0,8;0,333333333333333;17;8,5;0,75;0;20;0,285714285714286;6,5;4;1;12;25;1;1;2;0;5400;2833;22000;2;779,666666666667;27400;956;"si"
0;0;11;732,142857142857;2;2300;0;0,333333333333333;14;8;0,166666666666667;0;10;0;7;1;0;10;16;1;0;3;0;3200;3229;21800;1;518,857142857143;25000;663,142857142857;"si"
0;2;10;706,896551724138;2;2813,79310344828;1;0,8;4,33333333333333;16;0,6;0;11;3;14;5;0,25;15;18;1;1;2;0;1100;237;23800;3;759,413793103448;24900;1333,03448275862;"si"
0;3;11;1512,12121212121;3;2106,06060606061;11;4;5,5;2;4;0;11;1,2;2,5;13;3;3,33333333333333;13;2;2;2;2;1800;858;23500;1;1148,75757575758;25300;1316,48484848485;"si"
0;3;9;763,636363636364;1;2384,84848484848;1,33333333333333;2;4,66666666666667;10;1,25;0;6;2;9,5;10;0,8;14;22;1;2;2;1;19;-1272;24600;3;587,272727272727;24600;733,666666666667;"si"
0;3;11;1050;4;2760;3,5;3;5,5;7;5;0;1;8;1,75;17;2,75;1,75;17;2;4;2;1;3000;769;23700;1;1665,375;26200;1356,375;"si"
0;2;9;981,25;1;2631,25;1;1;17;21;0,4;0;22;0,571428571428571;8;8;0,8;4,33333333333333;27;0;1;3;0;1600;571;23900;4;710,90625;25500;1487,90625;"si"
0;2;9;1188,23529411765;1;2385,29411764706;3,66666666666667;2,75;4,33333333333333;2;2,33333333333333;0;2;1,33333333333333;13;14;6;10;18;2;2;2;1;1800;2247;22000;1;765,794117647059;23800;702,441176470588;"si"
0;4;9;1546,51162790698;2;3172,09302325581;1,66666666666667;2,25;19;4,66666666666667;1,66666666666667;1;2,25;0,666666666666667;8;12;1,2;6,5;21;2;1;5;2;-178;-380;24100;2;706,581395348837;23900;604,93023255814;"si"
0;3;9;896,153846153846;2;3692,30769230769;1;0,6;2;15;1;0;2,66666666666667;0,75;14;7;0,333333333333333;14;24;1;0;4;0;1500;543;24700;3;538,038461538462;26200;992,961538461538;"si"
0;1;11;1147,61904761905;3;2621,42857142857;2,5;2,6;16;5,66666666666667;2,5;0;1,75;3,5;3,75;18;5,5;4,5;21;2;3;3;0;635;-24;24700;1;1001,80952380952;25300;1276,07142857143;"si"
0;1;7;847,368421052632;1;2352,63157894737;1;0,333333333333333;12;9;0,333333333333333;0;8;0,5;5;2;0,2;8;15;0;0;3;0;4900;3696;22600;2;728,947368421053;27500;881,631578947368;"si"
0;3;7;1275;1;1859,375;4,5;1,5;6,33333333333333;8,5;2,75;1;19;1,16666666666667;6;14;2,4;2,6;23;0;0;4;1;124;1072;24400;2;1020,25;24500;1201,59375;"si"
0;2;10;968,965517241379;2;2868,96551724138;6;1;10;12;1,33333333333333;0;6;1;9;6;0,75;7;16;2;3;1;0;4100;2475;23900;1;771,448275862069;28000;557,379310344828;"si"
0;1;7;957,692307692308;1;1692,30769230769;1,25;1;18;10,5;1,75;0;3,5;1,16666666666667;21;8;0,666666666666667;9,5;26;0;0;3;2;532;1249;24900;2;595,038461538462;25400;828,730769230769;"si"
0;2;11;757,894736842105;3;3263,15789473684;0,5;0,5;2;6;1;0;4;1;7;3;1;3,5;9;2;1;5;0;554;626;23700;1;503,078947368421;24300;881,763157894737;"si"
0;3;10;1911,11111111111;2;2241,66666666667;0,333333333333333;0,833333333333333;5;6,33333333333333;0,8;2;19;0,75;14;7;0,333333333333333;12;24;0;2;3;0;3100;3897;23300;2;542,833333333333;26400;536,111111111111;"si"
0;2;10;713,04347826087;1;3556,52173913043;1;1,5;5;8;1;0;8;0,5;8;4;0,666666666666667;5;14;1;0;3;0;6600;1635;23600;1;540,260869565217;30200;1281,91304347826;"si"
0;3;9;2000;2;2248,64864864865;2;8;4;7;6;1;0,6;3;5;9;3;2,5;9;1;3;3;0;2300;1657;23900;1;1093,97297297297;26200;908,432432432432;"si"
0;2;9;635,714285714286;1;2564,28571428571;2,33333333333333;1;4;6;2;0;6,5;0,571428571428571;4,33333333333333;9;0,5;12;22;0;1;3;2;2100;363;25100;3;629,857142857143;27200;771,107142857143;"si"
0;2;8;1416;1;2664;0;1;16;12;0,4;0;7,5;0,25;15;3;0,5;13;17;1;0;4;0;948;696;23300;2;722,16;24200;1178,64;"si"
0;3;9;2335,13513513513;1;1718,91891891892;2;5;8,5;3,4;1,66666666666667;1;6;3;7;18;1,28571428571429;3;25;1;4;1;1;2400;3866;26300;5;638,72972972973;28700;731,351351351351;"si"
0;3;9;1406,66666666667;1;2650;1;1,5;9;5;3;0;10;0,5;10;4;0,4;4;13;1;1;4;0;1600;1557;24300;0;742,533333333333;25900;579,1;"si"
0;2;9;695,652173913043;1;3417,39130434783;3,5;0,833333333333333;14;17;1,25;0;5,5;1,16666666666667;16;8;0,25;2,6;22;1;0;4;0;5200;3744;24900;1;357,260869565217;30100;1277,5652173913;"si"
0;3;11;1536,36363636364;3;2840,90909090909;18;3,6;4;6;1,66666666666667;0;1,71428571428571;1,57142857142857;4,66666666666667;21;3,33333333333333;2,16666666666667;22;4;4;3;2;1000;1209;24400;1;942,704545454545;25400;953,25;"si"
0;2;9;1095,65217391304;1;2008,69565217391;0,2;1;10;13;1,5;0;17;0,75;9;4;0,666666666666667;10;17;0;1;1;0;841;2818;25200;1;888,521739130435;26000;663,869565217391;"si"
0;1;10;810,714285714286;3;2992,85714285714;1;0,8;12;13;0,6;0;14;1;15;6;0,75;2,66666666666667;22;0;1;2;1;7200;5204;22300;0;593,5;29500;1123,42857142857;"si"
0;0;9;1076,66666666667;2;2646,66666666667;1,66666666666667;7;12;13;1,5;0;2,5;0,833333333333333;7;9;1,66666666666667;3,66666666666667;17;1;3;2;0;3100;-492;23000;2;602,833333333333;26100;793,266666666667;"si"
0;3;7;951,851851851852;1;2211,11111111111;1,25;1,5;10;6,5;5;0;4,33333333333333;1,2;13;9;2;4;17;0;1;3;1;2200;1480;25200;1;831,222222222222;27400;662,62962962963;"si"
0;1;11;434,375;3;3556,25;1,66666666666667;1,85714285714286;3,5;15;1,8;0;2,4;1,2;11,5;15;1,6;5;27;2;1;3;2;3700;2474;22100;5;533,34375;25800;1469,40625;"si"
0;2;11;1030;1;2380;1,33333333333333;1,66666666666667;8;6;1,5;0;6;1,33333333333333;12;6;1,5;3;13;1;3;1;0;1700;1510;22700;1;458,266666666667;24400;1036,53333333333;"si"
0;2;9;1527,27272727273;2;3209,09090909091;2;1,75;5;4;1,33333333333333;0;11;2;10;9;3;1,75;14;2;3;2;0;19;1700;25200;1;583,878787878788;25200;1395,45454545455;"si"
0;4;7;2000;1;1934,375;2;4;3,33333333333333;9;3;0;12;0,8;15;9;2;3,33333333333333;15;1;2;3;1;-3000;-480;27200;0;544;24200;1564,1875;"si"
0;2;9;1847,22222222222;1;1733,33333333333;4,5;2,5;4;5,5;2;0;5,5;5;4;18;5;0,888888888888889;16;2;3;2;1;-82;-1222;24500;2;1376,91666666667;24400;868,805555555556;"si"
0;3;9;613,333333333333;1;3210;1,2;1,75;12;8;1,66666666666667;0;6;0,8;14;8;1,5;2,75;21;1;0;4;1;1900;-479;24500;2;700,833333333333;26400;931,966666666667;"si"
0;0;10;575;2;3150;1;1,75;7;7;4;0;3;3;9;7;0,8;3,66666666666667;15;1;1;3;0;2000;1741;23800;2;576,571428571429;25800;712,107142857143;"si"
0;2;7;1844,11764705882;1;1885,29411764706;3;1;8;7;1,5;0;4,5;1;10;4;0,75;8;12;0;2;4;0;-2700;-623;26100;1;503,852941176471;23400;1124,29411764706;"si"
0;2;9;570,37037037037;1;2651,85185185185;1,33333333333333;5;6;7;3;0;9;2;7;6;2;1,33333333333333;9;1;0;3;0;1900;-806;23400;1;1432,11111111111;25300;800,555555555556;"si"
1;7;7;1516,66666666667;1;1902,38095238095;5;6,66666666666667;5,33333333333333;1,66666666666667;3,2;0;5,66666666666667;2;3,4;21;13;3;19;1;4;2;1;3000;-1211;23700;2;1778,45238095238;26000;1151,66666666667;"si"
0;3;10;1250;2;2483,33333333333;1;2;4;7;0;0;2,5;2;4;4;1;6;9;2;1;4;0;1700;-688;22900;0;614,378378378378;24700;620,459459459459;"si"
1;6;7;1837,77777777778;1;2697,77777777778;7;2,4;3,75;6,5;3;0;2,2;1,71428571428571;6;17;4;4,33333333333333;21;2;3;4;2;3000;630;23700;2;1342,86666666667;26700;760,422222222222;"si"
0;0;10;416,666666666667;1;3375;2;1,2;17;6,66666666666667;0,8;0;4,66666666666667;0,857142857142857;18;7;0,8;14;25;1;0;4;1;3500;939;22800;4;301;26300;1028,91666666667;"si"
0;1;11;885,714285714286;3;3075;0;0;12;9;0;0;13;0;11;0;0;12;16;1;1;3;0;4600;3253;21700;3;576,214285714286;26300;499,142857142857;"si"
0;2;9;444;1;2168;0,777777777777778;0,777777777777778;2;20;0,666666666666667;0;11;1,28571428571429;20;9;0,666666666666667;16;37;0;0;3;0;3900;5094;21900;4;341,24;25800;1638,8;"si"
0;2;9;1077,41935483871;2;2551,61290322581;0,75;1,5;10;4,5;2;0;5,5;1,25;9;7;1;3,5;16;1;0;4;0;1200;2883;25600;0;519,129032258065;26800;1433,06451612903;"si"
0;2;9;600;1;3130;1,2;1,75;10;4,66666666666667;1,25;0;13;1;9;8;1,33333333333333;4,33333333333333;20;1;0;4;1;-915;-1018;24600;2;875,166666666667;23700;993,266666666667;"si"
0;2;10;994,444444444444;2;2430,55555555556;3,25;1,28571428571429;5;5,33333333333333;2,5;0;7;1,8;2,2;18;2,4;4;25;1;2;3;1;3200;1623;24400;3;512,277777777778;27600;1328,86111111111;"si"
1;5;9;1564,58333333333;1;2702,08333333333;2;2,5;2,66666666666667;7;5;0;1,33333333333333;3;6;10;0,666666666666667;2;11;2;2;5;0;2500;1523;22200;1;772,229166666667;24700;505,145833333333;"si"
0;2;8;616,666666666667;1;2720;1;1,5;3;7;2,5;0;4;1;6;6;1,5;9;11;1;0;4;0;830;527;24400;0;1241,63333333333;25200;1293,86666666667;"si"
0;1;11;390,909090909091;3;3386,36363636364;1,14285714285714;1,33333333333333;5,5;21;1;0;6;0,833333333333333;6,66666666666667;12;0,666666666666667;3,75;28;0;0;1;0;7200;3384;24300;4;512,636363636364;31500;635,090909090909;"si"
0;2;9;924,324324324324;2;2462,16216216216;2;2;14;10;0;0;2,33333333333333;0,666666666666667;9;5;0,5;14;20;1;1;4;0;1200;1600;22500;0;445,135135135135;23700;728,378378378378;"si"
0;3;9;985,714285714286;1;2308,57142857143;2;2,5;15;18;1,66666666666667;0;4,25;1,5;5,66666666666667;11;1;3,66666666666667;22;1;1;4;0;588;-75;24400;3;902,342857142857;25000;979,257142857143;"si"
0;3;9;1494,11764705882;1;2214,70588235294;4;3;14;11;0,285714285714286;0;13;1;10;6;1,25;2,33333333333333;18;2;2;2;0;-1700;-1181;23500;1;909,941176470588;21800;932,352941176471;"si"
0;2;11;977,142857142857;3;2714,28571428571;1;1,33333333333333;11;9;1,5;0;12;1;13;4;1,5;6;13;1;1;4;0;3300;2677;22100;1;852,2;25400;1343,42857142857;"si"
0;3;11;1353,57142857143;3;2050;0,2;0,5;15;16;1;0;14;0,5;17;2;0,166666666666667;13;20;1;2;2;0;3000;1607;22300;4;543,178571428571;25300;701,142857142857;"si"
0;2;10;1228,57142857143;2;2638,09523809524;7;4,5;4,5;1,66666666666667;3;0;3;2,25;10;11;1,25;10;14;1;4;2;0;-1300;-1022;24000;1;670,619047619048;22700;729,785714285714;"si"
0;1;9;1209,09090909091;1;2163,63636363636;1,25;0,75;9;9;2,5;0;3,5;2,5;6;6;1;6;14;1;2;2;1;-214;-1340;23300;1;486,030303030303;23100;1164,9696969697;"si"
0;1;10;1225,8064516129;4;3035,48387096774;2,25;3;4;2;1,25;1;12;2,5;13;10;1,5;2,33333333333333;19;1;1;4;0;2900;2223;22700;2;745,129032258065;25600;1066,32258064516;"si"
0;0;10;533,333333333333;4;2329,62962962963;1,6;2,5;6;5,5;1,4;0;6;2,5;5,66666666666667;11;2,66666666666667;13;21;0;0;4;0;3700;1898;22700;4;823,666666666667;26400;2430,44444444444;"si"
0;2;11;750;4;1461,53846153846;3;1,25;16;5,5;1;0;6,5;1;6,5;8;0,5;6,5;19;0;1;0;1;2900;1440;22000;1;505,269230769231;24900;699,307692307692;"si"
0;2;10;670,588235294118;1;2708,82352941176;0,5;0;11;11;1;0;10;0;10;2;0;15;16;1;1;3;0;2200;642;21700;2;1105,70588235294;23900;1573,64705882353;"si"
0;4;11;783,870967741935;3;2719,35483870968;1,33333333333333;2,5;6,5;13;0,8;0;8,5;1,5;16;7;0,6;6;19;1;2;3;0;-3000;-2289;25300;1;614,903225806452;22300;989,645161290323;"si"
0;6;10;1878,0487804878;2;2631,70731707317;2,33333333333333;1,75;2,25;11;1;1;8,5;0,666666666666667;16;8;1,5;10;19;2;4;3;0;-1400;661;23900;3;735,024390243902;23200;948;"si"
0;5;8;1611,42857142857;1;1880;2;1,66666666666667;14;5;2;1;13;1,66666666666667;12;7;1,25;4,5;15;0;3;2;0;-2000;-889;25200;3;631,171428571429;23200;1146,22857142857;"si"
0;4;9;1472,34042553191;1;2578,72340425532;9;4;2,25;3,5;3,66666666666667;0;2;2,33333333333333;4,5;13;7;3;10;2;4;4;0;-930;776;24300;1;904,212765957447;23400;988,489361702128;"si"
0;2;11;862,162162162162;3;2908,10810810811;1;1;9;15;1;0;14;0,5;3,66666666666667;5;0;13;16;2;3;3;0;3100;1893;22000;0;1685,64864864865;25100;1458,45945945946;"si"
0;2;10;817,241379310345;2;2872,41379310345;1,5;1,33333333333333;9;18;0,571428571428571;0;15;1;15;8;1,25;3;23;1;0;4;0;756;3286;24500;2;517,103448275862;25300;1346,34482758621;"si"
0;1;10;725,925925925926;2;2814,81481481481;2;0,333333333333333;6;5,5;0,5;0;8;2;5;4;0;4;11;1;1;3;0;3300;1939;22300;0;426,740740740741;25600;824,666666666667;"si"
0;3;10;834,285714285714;2;2680;2;0,666666666666667;15;10;1,25;0;3,5;1;10;5;2,5;17;18;2;2;3;1;-1800;-924;24100;2;694,514285714286;22300;1813,17142857143;"si"
0;2;10;857,575757575758;2;2572,72727272727;6;1,66666666666667;11;10;1,33333333333333;0;14;0,666666666666667;5,5;6;1,5;7;15;1;2;3;0;-307;-3053;25300;0;754,363636363636;25000;1357,39393939394;"si"
0;5;11;1117,85714285714;2;2942,85714285714;0,333333333333333;0,666666666666667;3,5;12;1;0;13;1;11;3;0,666666666666667;10;14;1;2;2;0;1400;-1794;24000;1;969,285714285714;25400;778,178571428571;"si"
0;1;8;829,032258064516;1;2709,67741935484;1;1,75;6,5;7;0,75;0;10;0,5;10,5;9;1,25;11;25;1;3;2;0;1400;85;23000;1;765,387096774194;24400;1440,61290322581;"si"
0;6;9;1340;1;2357,14285714286;3;1,5;3,5;5;1;1;11;2,5;8;6;1;12;14;1;2;2;0;3400;1940;22100;2;594,828571428571;25500;1044,71428571429;"si"
1;6;11;1461,76470588235;3;2888,23529411765;2,5;1,66666666666667;11;3;0,666666666666667;0;5,5;2;5;7;6;9;12;1;2;3;0;-1300;-1687;24700;2;441,647058823529;23400;1118,64705882353;"si"
0;0;11;512,5;3;2862,5;2;0,5;6;8;0,4;0;7;1;6;2;1;8;11;1;1;4;0;1600;1311;22700;0;687,625;24300;747,875;"si"
0;3;7;1548,27586206897;1;2603,44827586207;3,5;2,25;3,5;1;3;1;3;7;6;14;2,5;3;14;0;1;3;2;-505;1207;25000;3;933,965517241379;24500;602,896551724138;"si"
0;4;9;860;1;2382,85714285714;3;1,5;9;6;0,8;1;20;0,857142857142857;19;9;2,33333333333333;7;21;0;0;4;1;808;-295;21100;3;757,914285714286;21900;2032,74285714286;"si"
0;4;10;1096,55172413793;2;2731,03448275862;0;0;7;7;0,25;0;8;0;9;1;0,5;5;10;1;0;4;0;2000;2500;21700;1;451,310344827586;23700;1035,86206896552;"si"
0;4;10;1233,33333333333;3;2281,81818181818;1,4;0,8;7;15;1;0;8;1,2;17;7;2,5;13;21;1;2;3;2;3000;639;23900;4;632,151515151515;26900;1068,57575757576;"si"
0;2;10;1074,28571428571;1;3145,71428571429;1,5;1;9;3;1;0;7;1,5;5;4;0,5;5;13;1;3;3;0;3600;1929;22500;1;490,914285714286;26100;783,742857142857;"si"
0;1;9;590;1;2580;0,666666666666667;1,66666666666667;5;2,33333333333333;4;0;11;0,75;13;5;0,166666666666667;8;17;0;1;1;0;3900;3859;22100;2;365,85;26300;661,9;"si"
0;2;8;1229,72972972973;1;1678,37837837838;1,5;2;13;4,5;0,4;0;7;1,33333333333333;11;4;0,5;7;15;0;2;3;0;411;1882;23400;2;586,108108108108;23800;709,540540540541;"si"
0;5;7;1761,53846153846;1;2243,58974358974;3,25;2,75;2,8;5;2,6;1;4,5;3,25;9;18;3,66666666666667;3;20;0;3;3;2;-953;-2275;24100;2;679,666666666667;23100;1019,87179487179;"si"
0;2;11;1238,09523809524;4;2304,7619047619;4;0,8;9;9;2;1;10;2;8;5;1,25;2,66666666666667;14;1;2;4;0;2300;192;21300;1;848,238095238095;23600;1077;"si"
0;5;9;2002;2;2118;6;3,5;4;1,33333333333333;2,66666666666667;2;8;2,5;4;10;2;2;9;2;4;4;0;1500;1304;22700;0;958,84;24200;756,12;"si"
0;3;8;1402,94117647059;1;2108,82352941176;1,5;8;12;2,75;0,5;0;2,83333333333333;3,33333333333333;21;14;2,33333333333333;4,33333333333333;21;1;2;3;0;-2500;-582;24900;1;784,911764705882;22400;1210,94117647059;"si"
0;5;10;1623,33333333333;1;2483,33333333333;1,6;2;8;7,5;2,5;0;11;1,8;4,75;11;0,666666666666667;5;23;1;0;4;0;-1000;-316;24500;6;635,333333333333;23500;1153,3;"si"
0;5;7;1476,92307692308;1;2030,76923076923;1;2,66666666666667;2,25;4;3;0;13;1,33333333333333;12;8;1;7;16;1;2;2;0;447;569;25100;3;569,615384615385;25500;1279,11538461538;"si"
0;2;11;634,48275862069;3;2889,62068965517;1;3;4,5;18;1;0;2,75;1,75;13;12;1,4;2;21;1;0;4;0;2200;681;24600;2;599,896551724138;26800;777,655172413793;"si"
0;4;10;809,375;0;2790,625;4,33333333333333;0,75;4,25;4,66666666666667;1,8;0;5,5;1,85714285714286;18;17;1,6;1,8;28;0;0;4;0;451;218;23000;0;824,025641025641;26800;996,48275862069;"si"
0;5;10;1525;1;2540;1,42857142857143;3,5;16;14;1,5;0;2,33333333333333;1,14285714285714;15;11;1;5;24;2;4;2;0;1600;1433;23600;3;757,45;25200;745,275;"si"
0;2;10;806,896551724138;2;2779,31034482759;0;1;7;6;0,333333333333333;0;8;0;4;2;0,5;5;10;1;1;3;0;1400;819;23000;1;624,793103448276;24400;1367;"si"
0;4;10;727,586206896552;2;3686,20689655172;0;0,5;7;11;1;0;13;0;13;2;0,2;9;16;2;0;4;0;2100;93;24200;0;442,655172413793;26300;1111,51724137931;"si"
0;2;9;1502,94117647059;1;2258,82352941176;0,75;1,33333333333333;6;12;5;0;3,5;1,5;3,5;6;0,333333333333333;8;13;1;3;2;1;1500;978;23500;2;675,382352941176;25000;1099,76470588235;"si"
0;0;7;466,666666666667;1;2740,74074074074;1;0,25;7;11;0,25;0;9;1;10;1;0,25;9;14;0;0;4;0;3500;4495;21500;2;952,407407407407;25000;2424,7037037037;"si"
0;1;11;1028,57142857143;3;2735,71428571429;0,5;0,75;13;3,66666666666667;0,5;0;17;3;11;6;1;18;19;1;2;2;1;1500;858;23400;2;974,107142857143;24900;1332,67857142857;"si"
0;4;11;1738,23529411765;3;2347,05882352941;3,66666666666667;1;4;4,5;4;0;5,5;3,66666666666667;1,5;14;8;1,6;13;2;3;2;3;-2900;-2178;25600;1;1026,97058823529;22700;2060,17647058824;"si"
0;3;11;773,529411764706;2;2223,52941176471;1,71428571428571;1,4;22;7;4,33333333333333;0;6,33333333333333;1,14285714285714;2,66666666666667;17;2;4,25;28;1;2;3;0;4600;1072;22200;2;1331,02941176471;26800;1182,58823529412;"si"
0;1;10;440,740740740741;2;3074,07407407407;3,33333333333333;2;13;13;3;0;2,75;2,66666666666667;3;12;0,833333333333333;3,33333333333333;17;1;1;3;0;1500;-1519;24100;2;568,666666666667;25600;732,444444444444;"si"
0;3;7;1273,33333333333;1;2086,66666666667;1,5;1,75;3,75;9;1,42857142857143;0;8;1,16666666666667;5,66666666666667;13;0,75;6,5;25;1;3;2;2;98;1575;24400;2;689,133333333333;25000;861,566666666667;"si"
0;5;7;1632,55813953488;1;2576,74418604651;17;5,5;3;1,5;4;1;2,75;3;2,5;17;2,66666666666667;3,5;14;2;4;2;2;3200;1881;22800;0;582,674418604651;26000;851,116279069767;"si"
0;3;8;1548,57142857143;2;1345,71428571429;1,5;0,833333333333333;5,5;6,33333333333333;4,5;0;7,5;2;7,5;9;1;8;20;0;4;2;0;-2;810;24100;0;748,628571428571;25000;1110,22857142857;"si"
0;4;9;803,333333333333;2;3046,66666666667;7;1;10;6,5;2,5;0;5;2;13;8;0,4;5;17;1;1;4;1;-238;-1375;24300;2;1136,73333333333;24100;1851,66666666667;"si"
0;3;9;931,428571428571;2;2140;1;1,33333333333333;16;16;1,66666666666667;0;19;1,25;6;5;0,8;8,5;20;1;2;3;1;-29;920;22800;1;631,457142857143;22800;1066,14285714286;"si"
0;2;8;1413,33333333333;1;2366,66666666667;1,75;4;15;7,5;2;0;4,66666666666667;1,14285714285714;18;10;0,714285714285714;4,66666666666667;24;1;3;2;0;98;1875;25300;2;706,366666666667;25400;779;"si"
0;2;10;962,857142857143;2;2477,14285714286;3;1,6;13;10;1;0;2;1,75;6;9;1,66666666666667;3,33333333333333;19;1;3;3;0;1900;57;22900;1;721,828571428571;24800;846,142857142857;"si"
2;9;7;2891,28260869565;1;1776,08695652174;7;6;7;4;3;1;2,25;4;9;9;1,5;8;10;0;3;5;1;73;-2014;24700;2;776,826086956522;24800;463,847826086957;"si"
0;0;11;750;3;3273,33333333333;0;0,5;11;9;0,2;0;9;0,333333333333333;10;2;0,666666666666667;4,5;15;1;1;4;0;3400;1569;21700;1;476,133333333333;25100;901,266666666667;"si"
0;3;11;1353,65853658537;5;2392,68292682927;1;2,5;8;4;3,5;0;4;7;4,5;8;5;5;10;2;2;4;1;872;-1386;23400;1;1033,70731707317;24300;1295,26829268293;"si"
0;2;10;852,941176470588;3;2823,52941176471;6;0,285714285714286;7;14;0,6;0;15;0,571428571428571;9;9;0,8;4;25;1;2;3;0;1400;232;25300;1;655,117647058824;26700;980;"si"
0;1;10;1329,41176470588;1;2179,41176470588;1;2;13;7,5;1,33333333333333;0;11;1;14;5;1,33333333333333;5;17;1;2;3;1;1100;-772;22700;3;775,382352941176;23800;1462,94117647059;"si"
0;0;11;424,242424242424;2;3003,0303030303;2;2;2,5;2;5;0;10;0,75;10;5;1,5;6;10;1;1;4;0;2800;347;23100;0;707,787878787879;25900;1011,90909090909;"si"
0;6;9;2021,42857142857;1;2628,57142857143;5;7;4;1;2,5;0;3;4;1,5;7;6;1;4;1;0;5;1;-1800;-108;26200;0;670,5;24400;616,714285714286;"si"
0;4;10;1391,42857142857;2;2294,28571428571;4;0,5;10;11;3;0;8;0,6;14;5;2;3,5;15;1;1;4;0;1200;1263;22800;2;647,657142857143;24000;1459,77142857143;"si"
0;0;11;225;3;3078,57142857143;3;1;12;5,5;0,666666666666667;0;12;0,75;8;4;0;11;14;1;0;4;0;5900;2496;21600;2;375,107142857143;27500;708,035714285714;"si"
0;1;10;811,111111111111;2;2522,22222222222;0,666666666666667;1,5;5;4;2;0;7;1;10;4;1,33333333333333;3;12;1;2;1;1;4700;1386;22500;0;691,888888888889;27200;1088,77777777778;"si"
0;2;10;1721,42857142857;2;2445,2380952381;1,8;2,6;3,33333333333333;3;8;0;1;16;5;17;4,5;9;15;3;4;3;2;-33;-832;23900;2;1599,78571428571;23900;1023,90476190476;"si"
0;2;9;907,142857142857;1;2607,14285714286;3;1,6;6,33333333333333;4,33333333333333;1,16666666666667;0;9;2,66666666666667;14;9;1;14;20;1;1;4;0;-1800;-546;25100;3;620,321428571429;23300;1186,82142857143;"si"
0;0;9;772,222222222222;1;2494,44444444444;1,5;1,2;6,5;6;1,33333333333333;0;9;1,66666666666667;5;8;2;5;19;1;2;3;0;1200;-231;22700;3;624,527777777778;23900;1024,77777777778;"si"
0;2;9;480;1;3170;0,666666666666667;4;4;5;1,25;0;12;0,5;14;7;2;4;16;2;0;4;0;2200;-408;23900;2;612;26100;670,466666666667;"si"
0;3;10;910;2;3040;4;0,333333333333333;3,33333333333333;12;2;1;6;1;13;5;0,4;10;17;1;2;4;0;5300;2202;22400;0;603,45;27700;766,975;"si"
0;3;11;873,333333333333;3;3644,44444444444;1;1;15;16;0,6;0;20;0,333333333333333;14;4;1;7;20;3;2;5;0;904;386;23400;2;530,133333333333;24300;1989,37777777778;"si"
0;6;8;2667,56756756757;1;1745,94594594595;3,5;3;9;2,5;4;1;5;6;10;10;2;2;10;1;4;1;1;-4900;-2593;26900;0;1038,24324324324;22000;1247,97297297297;"si"
0;3;9;975;1;2956,25;1;1,5;17;16;0,5;0;3;0,75;10;4;1,5;10;18;1;1;4;1;-487;-681;23600;1;525,90625;23100;667,53125;"si"
0;3;11;1115,38461538462;2;2911,53846153846;0,6;1;6;16;0,333333333333333;0;6,5;1;15;5;1,5;9;22;1;1;3;1;4400;5942;24000;1;586,807692307692;28400;1553,61538461538;"si"
1;4;10;1674,1935483871;2;2561,29032258065;3;1;11;1,66666666666667;0,666666666666667;0;9;1,5;11;3;0,333333333333333;6;12;1;3;2;0;519;1215;22800;0;653,741935483871;23300;674,032258064516;"si"
0;1;9;680;2;2443,33333333333;0,5;1,25;5,5;12;1;0;8;0,333333333333333;10;6;0,75;3,75;20;1;2;2;0;4500;2474;22400;3;486,5;26900;790,966666666667;"si"
0;1;11;896,153846153846;3;2411,53846153846;1;0,714285714285714;20;7,5;0,75;0;15;0,75;10;8;1;3;22;1;2;1;1;1900;-330;23900;3;601,769230769231;25800;721,5;"si"
0;2;11;1323,91304347826;5;2900;6;3;6;6;2,33333333333333;0;5;4;3,5;9;4,5;0,6;9;3;3;4;1;2100;391;22200;0;1080,89130434783;24300;1274,54347826087;"si"
0;2;11;1494,44444444444;4;2633,33333333333;2;2,66666666666667;6,5;6,5;3;0;5,33333333333333;1,8;16;11;2;3,5;18;2;4;1;0;3600;2392;22800;1;474,916666666667;26400;1042,52777777778;"si"
0;5;11;1487,17948717949;2;2733,33333333333;1,33333333333333;1,33333333333333;3,5;7;5;1;4,5;5;11;5;0,75;6;12;1;2;4;0;2000;1097;22700;1;893,435897435897;24700;805,333333333333;"si"
0;1;7;552;1;1716;1,33333333333333;1;20;8;0,833333333333333;0;14;0,8;16;6;0,666666666666667;17;24;0;0;3;0;4000;2795;22400;0;466,88;26400;1022,56;"si"
0;3;9;1025;1;2468,75;0,5;1;1,5;9;1,5;0;9;1;9;4;0,5;6;11;1;2;3;0;2800;626;21300;1;1253,28125;24100;1153,71875;"si"
0;2;9;768,965517241379;1;1920,68965517241;2;3;5,5;3;2,5;0;4,5;1;12;7;1,25;12;16;0;2;2;0;451;-1378;24300;0;1041,51724137931;24800;996,48275862069;"si"
0;5;11;914,705882352941;3;2955,88235294118;3;0,5;11;4;1,33333333333333;0;10;0;5,5;5;2;7;13;1;1;4;0;455;-167;25100;0;646,5;25600;1244,70588235294;"si"
0;0;10;565,51724137931;1;3068,96551724138;0,2;1;8;9;0,333333333333333;0;9;0,25;10;1;0;11;16;1;1;4;0;5300;2544;22000;1;695,448275862069;27300;792,241379310345;"si"
0;0;9;758,620689655172;1;2924,13793103448;2;0,5;3,2;17;1,16666666666667;1;19;1,75;17;9;0,8;7;25;0;0;4;1;4400;3950;21700;4;1114,86206896552;26100;1068;"si"
0;2;8;574,193548387097;1;3070,96774193548;1,5;1;9;8;1;0;8;1;5;6;2;3,33333333333333;12;1;1;4;0;1500;-354;23600;0;818,096774193548;25100;756,129032258065;"si"
0;3;8;1416,66666666667;1;2486,66666666667;1;1;9;8;0,25;0;2,5;1;9;3;2;8;12;1;2;3;0;-1000;-1582;25900;0;1162,13333333333;24900;830,5;"si"
0;3;9;1332,14285714286;2;2532,14285714286;1;1;9;12;0,666666666666667;0;7;0,25;14;5;2;2,25;15;1;0;4;0;1700;1097;24100;0;500,964285714286;25800;650,892857142857;"si"
0;1;11;1555,1724137931;3;2748,27586206897;0;0,333333333333333;14;12;0,333333333333333;0;11;0;9;2;1;9;17;1;0;4;0;2500;1074;23300;1;1088,8275862069;25800;876,068965517241;"si"
0;5;9;1510;1;2483,33333333333;0;0;4;3;0;0;7;0;7;0;0;7;8;1;1;3;0;1700;-618;23000;1;842,2;24700;1032,3;"si"
0;2;10;1223,07692307692;2;2653,84615384615;5;4;7;2;3,33333333333333;0;3;2;10;11;5;1,66666666666667;11;2;3;3;0;1700;-89;23500;0;852,794871794872;25200;670,615384615385;"si"
0;3;11;1366,66666666667;3;3104,44444444444;2;1;5;8;3;0;9;1;8;3;0,666666666666667;8;9;3;3;4;0;-251;-1647;25100;2;1026,6;24800;1361,48888888889;"si"
0;3;10;1133,33333333333;2;2114,81481481481;0,333333333333333;1,25;14;3,5;0,5;0;12;0,75;18;5;0,5;10;22;0;0;4;1;3300;3702;22600;4;404,296296296296;25900;1050,62962962963;"si"
0;2;11;761,224489795918;5;2769,38775510204;4,75;2,83333333333333;4;11;2,66666666666667;1;3,8;2,11111111111111;3,6;23;3,2;1,71428571428571;30;2;1;5;1;2600;2703;24200;2;1020,87755102041;26800;1470,12244897959;"si"
0;3;10;969,444444444444;1;2727,77777777778;0,5;0,8;13;18;0,666666666666667;0;15;0,25;14;7;0,857142857142857;2,75;23;2;2;3;0;2900;1691;23800;4;486,555555555556;26700;1342,66666666667;"si"
0;4;9;1379,16666666667;2;2441,66666666667;0,333333333333333;0,5;5;9;0,75;0;8;1,5;11;5;0,6;3,5;18;1;1;3;0;3100;3277;23200;3;512,666666666667;26300;1015,5;"si"
0;4;8;913,793103448276;1;2520,68965517241;0;1;17;6,5;0,666666666666667;0;10;0,333333333333333;14;5;0,8;3,66666666666667;20;1;0;4;0;-1500;-2410;24600;0;646,206896551724;23100;809,068965517241;"si"
0;2;11;896;3;3052;1;0,5;12;8;2;0;14;0,142857142857143;12;4;0,75;4;17;1;0;4;0;3100;1085;23100;1;763,68;26200;801,04;"si"
0;2;9;582,142857142857;1;2771,42857142857;1,33333333333333;0,25;3,5;9;1,33333333333333;0;8;0,666666666666667;5;5;2;4,5;15;1;0;4;0;2400;1285;23100;2;456,642857142857;25500;982,535714285714;"si"
0;0;10;327,586206896552;1;3024,13793103448;2,25;3;20;3;1,5;0;16;1,33333333333333;9,5;10;2;3,33333333333333;23;1;0;4;0;7100;2925;20900;2;938,103448275862;28000;1231,37931034483;"si"
0;1;11;648,275862068965;3;2824,13793103448;0,5;0,5;14;16;1,5;0;15;2;5,33333333333333;5;0,5;13;20;1;0;4;0;2900;909;23400;2;634,724137931035;26300;1001,93103448276;"si"
0;2;9;1176,92307692308;1;1811,53846153846;6;5;6;8;2,5;0;2,33333333333333;1;2,33333333333333;8;1,33333333333333;6;10;0;2;1;0;1900;386;23800;1;647,307692307692;25700;732,115384615385;"si"
0;2;10;1043,33333333333;3;2983,33333333333;1,75;2;13;6;1;0;1,83333333333333;2,33333333333333;14;8;2;9;16;1;2;3;1;-674;216;24600;2;388,833333333333;23900;2075,03333333333;"si"
0;4;7;1546,42857142857;1;1742,85714285714;1;1,6;8;4;1,66666666666667;0;2;2,5;7;9;5;1,75;13;1;3;1;1;-1200;-1872;25200;1;455,678571428571;24000;617,892857142857;"si"
0;4;9;1535,55555555556;2;2335,55555555556;3,33333333333333;1,8;6,5;2,5;8;0;4,33333333333333;5,5;6,5;13;1,8;6,5;16;2;3;4;0;-1200;-953;24100;1;1011,22222222222;22900;903,111111111111;"si"
0;1;9;313,793103448276;1;2844,8275862069;1;0,8;12;12;1;0;11;0,5;15;4;0,333333333333333;11;20;1;0;4;0;3700;1179;21600;3;793,586206896552;25300;887,379310344828;"si"
0;5;9;1519,44444444444;1;1886,11111111111;3,5;1,66666666666667;10;12;1,66666666666667;0;2;1,25;8;8;1,33333333333333;3,66666666666667;15;1;2;4;0;912;16;23100;2;625,027777777778;24000;966,527777777778;"si"
0;6;9;1206,89655172414;2;2706,89655172414;4;2;2,33333333333333;12;5;0;3,66666666666667;3;4,33333333333333;13;2,5;2,33333333333333;14;1;0;4;0;73;279;24900;2;745,413793103448;25000;1049,48275862069;"si"
0;3;10;1434,375;2;2946,875;0,75;1,2;13;2,66666666666667;5;0;12;4;13;6;1;11;15;2;2;3;0;-906;-309;24500;2;504,09375;23600;830,0625;"si"
0;1;9;1073,33333333333;1;2400;1;0;8;6;1;0;6;1;8;2;0;7;10;1;2;2;0;982;569;22600;1;496,866666666667;23600;498,633333333333;"si"
0;2;9;625,925925925926;2;2840,74074074074;2;4;9;6;0,5;0;4,5;0,75;9;4;0,333333333333333;7;13;1;1;3;0;2300;1461;23100;3;754,814814814815;25400;984,259259259259;"si"
0;4;8;1228,57142857143;1;1717,14285714286;1,66666666666667;2,5;9;9;5;0;8;3;8;6;0,5;5,5;12;0;2;3;0;2000;-457;22500;1;995,6;24500;969,171428571429;"si"
0;2;11;510;4;3510;1,8;0,714285714285714;7;18;1,5;0;6;2;14;9;1;4,66666666666667;26;2;1;4;0;5000;3717;22300;2;681,066666666667;27300;818,333333333333;"si"
0;1;11;610,714285714286;3;3260,71428571429;1;2;10;7;0,5;0;12;1;12;7;1,5;1,75;20;1;0;4;0;2500;1954;22000;1;644,571428571429;24500;840,821428571429;"si"
0;3;9;925,714285714286;3;2597,14285714286;5;2;5;4,66666666666667;2,4;1;2,4;3;8,5;16;2,6;6,5;21;1;0;5;1;847;38;23400;2;746,428571428571;24200;1596,08571428571;"si"
0;2;10;1304,44444444444;2;1680;6;1;9;5;0,75;0;5;3;9;8;6;2,66666666666667;13;1;3;4;0;2200;1871;22800;1;479,622222222222;25000;808,4;"si"
0;1;9;1136;2;2736;0;0,333333333333333;1;6;1;0;6;0;5;1;0,5;4;7;1;2;1;0;740;-564;22100;1;880,24;22800;530,68;"si"
0;1;8;831,25;1;2537,5;1,25;0,5;19;7;1,5;0;12;1;11;7;1,4;3;22;1;1;4;2;966;-1081;24300;2;811,78125;25300;1072,8125;"si"
0;1;8;1123,33333333333;1;2113,33333333333;1,5;1,66666666666667;5;3;2,5;0;9;1,66666666666667;9;8;2;4,5;11;0;2;2;1;4800;2391;22300;3;824,666666666667;27100;803,9;"si"
0;2;10;593,333333333333;1;3330;4;1,66666666666667;11;5,5;0,6;0;6;0,833333333333333;8;6;0;11;18;1;0;5;0;3400;110;22000;0;516,2;25400;1109,6;"si"
0;2;11;458,620689655172;4;3393,10344827586;0,666666666666667;1,66666666666667;14;14;1,5;0;6,5;0,5;8;5;0,666666666666667;15;21;2;0;4;0;4400;1896;22000;3;542,827586206897;26400;942,896551724138;"si"
0;0;11;1041,93548387097;1;2287,09677419355;1,5;2;5;9;1;0;4;0,5;11;4;0,333333333333333;7;14;1;2;3;0;2600;1108;22100;1;1286,03225806452;24700;1026,48387096774;"si"
0;1;10;996,774193548387;2;2606,45161290323;2;0;5;5;2;0;3;0,5;6;2;0,333333333333333;8;8;1;2;2;0;2100;646;22400;0;546,483870967742;24500;759,806451612903;"si"
0;2;10;619,354838709677;2;2367,74193548387;5;4;7;5;1,5;0;1,33333333333333;1,5;7;5;0,5;5;10;0;1;4;0;3700;2717;22100;2;429,225806451613;25800;782;"si"
0;2;8;500;1;2100;0,2;1,5;11;12;2;0;15;0,4;4,5;3;0;7;18;0;0;4;0;1200;1473;23600;0;613,433333333333;24800;1156,83333333333;"si"
0;2;10;1257,69230769231;2;2469,23076923077;2,33333333333333;1,25;18;6,33333333333333;1,75;0;9;1,5;17;8;0,2;7,5;20;1;2;2;0;162;-401;24400;2;539,423076923077;24600;884,538461538462;"si"
0;2;11;738,709677419355;3;3448,38709677419;0;0,5;6;7;0,5;0;9;0;9;1;0,333333333333333;3;10;2;1;4;0;1900;1610;23500;1;438,548387096774;25400;903,290322580645;"si"
3;6;11;1557,14285714286;5;2751,02040816327;4;3,75;5,66666666666667;3,2;4;2;3,25;5,33333333333333;16;18;2,6;2;20;2;3;5;1;410;-1540;23900;3;1007,12244897959;24300;1269,0612244898;"si"
0;3;11;844,186046511628;4;2344,18604651163;0,333333333333333;0,8;6;11;0,5;0;17;0,6;4,25;7;0,8;14;20;2;2;4;0;1100;2120;22900;1;871,697674418605;24000;1138,83720930233;"si"
0;2;11;970,27027027027;2;2267,56756756757;3;1;10;7;0,5;0;5,5;2;10;4;0,5;7;12;1;2;4;0;424;1265;22300;0;754,459459459459;22700;912,891891891892;"si"
0;1;11;520,689655172414;3;2703,44827586207;0;0;5;6;0;0;8;0;6;0;0;0;9;1;0;3;0;4400;1436;20900;0;990,034482758621;25300;721,931034482759;"si"
0;2;10;718,75;2;1787,5;1,66666666666667;1;20;6;2,33333333333333;0;7,5;1,5;8;10;0,833333333333333;5,5;24;0;2;2;1;4000;2255;22500;0;1217;26500;675,3125;"si"
0;1;8;790;1;2646,66666666667;0;0;7;8;0;0;6;0;2;0;0;7;10;1;2;2;0;2500;2257;21800;2;723,2;24300;1065,8;"si"
0;1;10;1053,33333333333;2;2333,33333333333;0,333333333333333;1;9;6;0,333333333333333;0;9;0,5;8;1;0,25;10;13;1;3;1;0;3500;1771;21100;1;1209,63333333333;24600;553,633333333333;"si"
0;0;8;837,142857142857;1;3008,57142857143;0,5;2,5;7;10;1,66666666666667;0;3,33333333333333;0,333333333333333;9;6;0,75;8;14;1;2;3;0;2000;2607;23100;1;769,542857142857;25100;899,142857142857;"si"
0;2;11;658,064516129032;4;2796,77419354839;1;1;14;12;3;0;12;0,5;14;4;0,6;12;17;2;1;3;0;2600;4900;23600;2;495,483870967742;26200;667,677419354839;"si"
0;4;10;1250;2;2268,75;0;0;3;4;0,5;0;5;0;7;1;0;7;8;1;3;1;0;1300;-332;22600;0;366,125;23900;938,3125;"si"
0;3;10;1316,66666666667;1;2447,22222222222;1,75;4;7;14;0,8;0;6;4;12;10;1,5;3;17;1;2;4;0;-147;-992;23900;3;677,583333333333;23800;1075,5;"si"
0;2;9;1218,42105263158;2;2105,26315789474;0,5;1;3,33333333333333;9;3;0;7;2;9;3;0,2;7;11;1;1;4;0;-446;-790;23400;2;800,657894736842;23000;595,315789473684;"si"
0;1;8;700;1;2506,89655172414;4;2;9;2;0;0;10;0,8;4,5;4;1;3;12;0;1;4;0;2500;2657;22300;2;539,551724137931;24800;811,310344827586;"si"
0;2;9;555,172413793103;2;3055,1724137931;0,333333333333333;0,5;16;14;1,33333333333333;0;4,66666666666667;0,75;11;4;2;14;17;1;0;4;0;1600;1089;23600;1;434,310344827586;25200;857,793103448276;"si"
0;1;10;684,615384615385;1;3315,38461538462;1,66666666666667;3;6;13;1,25;0;12;1,75;12;7;6;2;14;1;0;4;1;3900;2727;22400;0;761,769230769231;26300;562,384615384615;"si"
0;1;9;510;1;1866,66666666667;1;0;4;7;1;0;5;0,333333333333333;5;1;1;7;8;0;0;4;0;2600;1644;21100;0;528,8;23700;666,266666666667;"si"
0;1;10;844,117647058824;2;2679,41176470588;0,666666666666667;0,75;2,66666666666667;10;4;0;10;1;5;4;1;6;12;1;0;5;0;2800;1677;21900;2;595,735294117647;24700;1220,97058823529;"si"
0;1;10;980,769230769231;2;3134,61538461538;0,75;1,2;3,25;5,5;0,833333333333333;0;11;1,33333333333333;12;6;3;10;18;1;0;4;0;2300;1894;22900;2;582,961538461538;25200;588,576923076923;"si"
0;0;10;683,333333333333;3;2844,44444444444;1,25;1,66666666666667;11;13;6;0;5;1;10;6;1;3,33333333333333;17;2;2;4;0;3200;1420;22000;1;1202,88888888889;25200;1289,36111111111;"si"
0;2;10;516,666666666667;2;2563,33333333333;0,5;0,25;9;14;0,25;0;10;0,25;14;2;0,666666666666667;11;17;1;0;4;0;4200;2316;21200;0;703,866666666667;25400;760,933333333333;"si"
0;3;9;893,939393939394;1;1887,87878787879;3;0,75;9;9;1,5;0;7;1;4,5;6;1,5;5,5;13;0;2;3;0;-544;-1779;23400;2;500,181818181818;22900;764,545454545455;"si"
0;1;11;443,90243902439;4;3380,48780487805;4;0,5;3;9;3;1;8;1;6;5;0,75;8;13;1;0;6;0;2700;1464;22200;0;1009,17073170732;24900;1177,09756097561;"si"
0;3;10;1443,33333333333;2;2400;6;3;9;1,25;1;0;4;1,66666666666667;10;7;1,5;7;12;1;1;4;0;307;263;23200;1;1119,83333333333;23500;1061,5;"si"
0;3;10;900;1;2615,15151515152;0,5;0,75;14;8,5;0,666666666666667;1;13;0,75;18;4;0,25;14;19;0;1;4;0;2000;1751;22500;1;693,212121212121;24500;1371,30303030303;"si"
0;1;11;851,612903225806;3;2000;3;0,666666666666667;3;10;1;0;13;0,166666666666667;13;3;1;7;14;1;1;3;0;1600;93;22100;0;1310,90322580645;24600;951,032258064516;"si"
0;1;9;334,48275862069;1;3075,86206896552;0,25;0,666666666666667;11;7;1;0;9;3;9;3;0;9;15;1;0;4;0;2900;947;22100;2;592,51724137931;25000;628,241379310345;"si"
0;1;10;489,655172413793;2;2837,93103448276;0,5;2;5;7;0,5;0;10;1;13;3;0,2;10;15;1;0;4;0;5100;3859;20500;2;675,172413793103;25600;816,448275862069;"si"
2;9;8;2234,14634146341;1;2231,70731707317;1,66666666666667;1,66666666666667;12;3;2;2;5;1,33333333333333;9;9;3;3,5;13;0;0;5;1;135;-2052;24800;1;1314,07317073171;24900;694,365853658537;"si"
0;3;8;1189,74358974359;2;2751,28205128205;2;1,5;8;7;0,5;0;8;1;2;4;2;5;9;2;3;3;0;-946;397;24300;0;632,384615384615;23400;699,205128205128;"si"
0;3;9;1379,48717948718;1;2484,61538461538;4;0,2;9;6,5;0,6;0;10;1;13;4;1;3;15;1;1;5;0;-76;809;22400;1;824,025641025641;22300;1022,69230769231;"si"
0;2;8;432,258064516129;1;3054,83870967742;1,66666666666667;1;15;8;1;0;15;1,33333333333333;4;6;1;6;19;1;0;4;0;3200;2459;22700;3;492,258064516129;25900;1053,29032258065;"si"
0;1;9;721,428571428571;2;3035,71428571429;1;0,2;9;4;0,5;0;6;0;9;2;0;2;12;1;1;3;0;415;-125;23600;0;727,892857142857;24000;1044,57142857143;"si"
0;3;10;1405,26315789474;2;1394,73684210526;8;2,75;13;2,5;3,66666666666667;0;1,16666666666667;2;11;12;4,5;5,5;14;1;4;1;3;1900;-618;23500;2;769,789473684211;25000;983,5;"si"
0;2;9;845,833333333333;1;2954,16666666667;2;1,5;6;8;0,333333333333333;0;3;1;6;3;1;4;9;1;1;2;0;-46;1109;23000;1;741,125;23000;789,083333333333;"si"
0;3;9;1074,35897435897;1;2766,66666666667;3;1,5;6,5;4;2,25;0;3,33333333333333;1,75;6,5;13;1,75;7;21;2;2;4;1;1200;95;24200;3;650,641025641026;25400;856,487179487179;"si"
0;2;10;570;2;3346,66666666667;0,333333333333333;0,833333333333333;5,33333333333333;7;1;0;21;0,4;18;6;0,833333333333333;14;24;2;0;4;0;3300;1671;23100;7;662,733333333333;26400;1276,93333333333;"si"
0;2;10;1150;2;2290,90909090909;0,666666666666667;0,8;13;10;2;0;7;0;8;4;1;2,5;15;0;0;2;0;5900;3718;21600;2;587,5;27500;854,772727272727;"si"
0;1;11;402,631578947368;5;3905,26315789474;0,75;1,4;3,33333333333333;15;4;0;15;4;6,5;8;0,75;3,5;17;2;0;6;1;4000;2541;21700;2;1089,86842105263;25700;1578,5;"si"
0;4;11;1065,71428571429;3;2317,14285714286;0;1;8;7;3;0;6;0;5;4;1,5;1,33333333333333;10;1;2;3;0;473;-81;24100;1;580,171428571429;24600;1034,71428571429;"si"
0;4;11;1438,63636363636;3;2975;2,33333333333333;1,5;6,5;7,5;7;0;5,5;0,6;3,66666666666667;10;1,6;14;20;3;3;4;0;1400;114;24800;2;647,840909090909;26200;1637,54545454545;"si"
0;0;10;262,5;1;2887,5;0,666666666666667;0,666666666666667;9;4;0,5;0;6;2,5;5;6;0,2;4;18;1;0;3;0;5600;3732;22100;2;436,833333333333;27700;882,833333333333;"si"
0;3;11;819,230769230769;3;3115,38461538462;5;1;9;8;3;0;9;1;8;6;4;1,25;10;1;1;3;0;6000;3665;22700;1;656,423076923077;28700;600,730769230769;"si"
0;1;11;551,428571428571;3;2945,71428571429;1,75;0,857142857142857;20;4;0,857142857142857;0;8,5;1,4;5,5;10;4;12;24;2;0;4;2;2300;284;23900;2;676;26200;1385,85714285714;"si"
0;3;8;1733,33333333333;1;1755,55555555556;0,5;0,8;2,33333333333333;10;2,5;0;11;1;10;6;1,5;2;12;1;1;3;0;-4400;-2902;26000;1;795,62962962963;21600;696,296296296296;"si"
0;2;9;829,032258064516;2;2948,38709677419;1,75;2;5,33333333333333;5,66666666666667;2;0;15;0,75;17;10;2;2,25;22;1;0;5;0;4100;2672;23000;1;930,903225806452;27100;1216,16129032258;"si"
0;3;10;1057,57575757576;1;2275,75757575758;4;1,75;8;14;8;0;3,33333333333333;1;5,5;11;1,25;2,5;16;1;2;3;1;201;-313;24800;4;810,121212121212;25000;760,151515151515;"si"
0;3;11;1097,56097560976;5;3063,41463414634;1,75;3;14;4;3;0;9;4,5;4,5;9;2;2,66666666666667;15;2;0;6;0;-95;1518;22100;1;1144,43902439024;22000;1228,0243902439;"si"
0;3;11;1457,89473684211;2;2218,42105263158;1,25;1,66666666666667;14;12;0,8;0;11;1,25;2,2;7;2;5;17;1;3;3;0;356;306;24300;3;1159,92105263158;24700;919,236842105263;"si"
0;0;11;742,857142857143;2;2592,85714285714;0,5;0,4;13;16;0,25;0;9;0,25;9;3;0,75;6;21;1;1;3;0;3100;3259;22900;4;692,678571428571;26000;1041,17857142857;"si"
0;4;8;1910,34482758621;1;2317,24137931034;3;2;2;10;0,5;0;10;1,5;9;5;0,75;8;11;1;2;2;0;-169;1819;24600;1;753,793103448276;24400;946,103448275862;"si"
0;4;8;935,897435897436;1;2694,87179487179;1;1,66666666666667;8;17;1;0;15;1,33333333333333;11;7;1,25;7;18;2;1;4;0;1400;1248;24100;1;610,666666666667;25500;869,615384615385;"si"
0;1;4;1128,20512820513;0;2441,02564102564;2;1,2;3,5;4,66666666666667;2;0;3,25;3,33333333333333;3;15;6;13;18;0;1;2;1;451;-1735;23600;1;889;23800;943,897435897436;"si"
0;2;9;957,142857142857;1;2431,42857142857;1,33333333333333;1,33333333333333;15;15;2,5;0;3,66666666666667;1;14;6;0,75;6,5;15;1;1;4;0;-1400;-2271;25900;3;938,371428571429;24500;1188,14285714286;"si"
0;4;9;1605,71428571429;1;2022,85714285714;3;1;6;9;1;0;9;1;8;3;2;7;9;1;4;2;0;428;34;24900;0;684,942857142857;25300;663,714285714286;"si"
1;8;7;2782,5;2;1965;3,5;2;8;4,5;4;2;6;7;3;8;0,75;7;11;1;3;3;1;-2300;-1072;25400;1;1364,05;23100;1386,25;"si"
0;3;11;1523,68421052632;3;2468,42105263158;1,66666666666667;1,4;13;7,5;1,66666666666667;0;16;4;2,75;8;1,2;7,5;18;2;3;3;0;-1800;-2149;26100;1;1789,73684210526;24300;1255,57894736842;"si"
0;0;10;532,258064516129;2;2561,29032258065;0,666666666666667;0,5;12;3,5;2;0;9;0,333333333333333;9;2;0,333333333333333;12;14;1;0;4;0;2800;1376;21600;0;520,483870967742;24400;907,451612903226;"si"
0;2;10;975;2;3134,375;4;2,33333333333333;15;6,5;1,75;0;15;2;11;7;0,714285714285714;3,66666666666667;17;2;2;3;0;-289;-415;24100;1;512,96875;23800;995,96875;"si"
0;2;10;940;2;2560;0,5;1;12;12;1,25;0;16;2;13;6;1;3,75;18;1;0;4;0;3700;2773;22800;1;775,066666666667;26500;1043;"si"
0;0;10;438,461538461538;2;3223,07692307692;0,5;0,333333333333333;12;11;0,333333333333333;0;9;0;7;1;0,333333333333333;12;13;1;0;4;0;4300;2957;22300;1;634,076923076923;26600;862,076923076923;"si"
0;1;7;410,714285714286;1;2825;0,4;1,33333333333333;8;12;1,5;0;13;0,6;7;4;0,5;14;17;1;0;4;0;2200;320;22800;3;643,285714285714;25000;1001,53571428571;"si"
0;5;10;1779,41176470588;3;2791,17647058824;1,25;0,571428571428571;21;7,33333333333333;1,75;0;7,33333333333333;2,33333333333333;7,33333333333333;11;1;21;26;2;2;3;0;-2000;-678;25500;4;425,794117647059;23500;681,735294117647;"si"
0;2;10;1660;1;1735;8;2,25;10;2,5;2;0;5,5;2,5;5;11;4;3;13;1;4;3;0;1300;-1114;24000;1;946,05;25300;865,65;"si"
0;1;10;584;1;3308;0;1;4;3;0,5;0;4;0;2;3;0,25;3,5;9;1;0;4;0;1400;82;24200;1;644,04;25600;784,76;"si"
0;0;11;738,709677419355;4;3200;1,5;0,75;17;7,5;0,428571428571429;0;7;1;14;5;1;7;20;2;1;4;0;3700;1703;22800;2;566,903225806452;26500;980,129032258065;"si"
0;1;8;736,666666666667;1;2290;2;1;3;5;0,75;0;11;0,666666666666667;8;3;0,666666666666667;6;12;0;1;4;0;3700;1003;22200;3;580,833333333333;25900;791,133333333333;"si"
0;1;10;610,714285714286;2;2846,42857142857;0;0;4;4;0;0;4;0;1;0;0;3;4;1;0;4;0;2700;2362;22200;1;798,821428571429;24900;1166,57142857143;"si"
0;1;10;966,666666666667;2;2844,44444444444;1;0,666666666666667;13;11;1,5;0;12;0,333333333333333;12;3;0,5;5;13;1;0;4;0;2600;734;22500;0;545,555555555556;25100;806,555555555556;"si"
0;2;9;1415,78947368421;1;2073,68421052632;3,33333333333333;2,66666666666667;10;3,33333333333333;5,5;0;2,25;10;10;12;1,2;3,66666666666667;14;1;3;3;0;1400;1951;25000;1;1314,26315789474;26400;935,631578947368;"si"
0;1;11;1178,125;3;2259,375;4;1,33333333333333;3;6;2;0;5;4;6;4;0,333333333333333;2;8;1;1;4;0;7000;3446;22700;0;1101,78125;29700;996,5625;"si"
0;3;9;1421,875;2;2471,875;2;3,33333333333333;6,5;6,5;4,5;0;4,66666666666667;3;3,33333333333333;11;0,833333333333333;12;17;1;0;4;1;-947;-471;23900;1;821,78125;23000;1114,34375;"si"
0;1;11;831,25;3;3109,375;2,5;1,75;7,5;15;1;0;15;1,5;11;8;2;1,83333333333333;17;2;1;4;0;2000;1587;23100;1;737,21875;25900;975,34375;"si"
0;3;11;1568,29268292683;3;2743,90243902439;9;3,33333333333333;5;0,6;6;0;2;5;2,33333333333333;12;8;3;8;3;4;2;0;1900;219;23000;0;1082,56097560976;24900;721,292682926829;"si"
0;8;10;1689,36170212766;4;3078,72340425532;12;2,75;6,5;3,66666666666667;2,4;1;4;2,33333333333333;5,33333333333333;17;1,57142857142857;2,8;19;3;2;6;1;-2700;-1231;25000;1;2053,53191489362;22300;1540,44680851064;"si"
0;1;11;1471,42857142857;4;2685,71428571429;1;2,33333333333333;9;4,5;1,5;0;11;2;7;7;2,5;5;13;2;2;4;1;852;-981;24300;1;597,457142857143;25200;672,4;"si"
0;0;9;485,185185185185;1;3096,2962962963;1;0,75;15;17;1,25;0;17;0,666666666666667;3,33333333333333;8;1,25;6,5;22;1;0;4;0;936;501;23800;4;835,037037037037;24700;1088,85185185185;"si"
0;1;6;1110,71428571429;1;2385,71428571429;1;1;12;7;1;1;5;1;14;5;1;11;14;0;1;3;0;1300;1235;24000;2;579,464285714286;25300;574,285714285714;"si"
0;2;11;1039,47368421053;3;2802,63157894737;4;2;8;7;1;0;2,5;5;3,5;5;2,5;9;10;2;2;4;1;3500;1604;22300;2;602,210526315789;25800;658,842105263158;"si"
0;3;8;1331,03448275862;1;2344,8275862069;0,5;0,5;8;2;1,5;0;11;0,5;11;4;0,333333333333333;10;13;1;2;2;0;-552;-139;24100;1;651,413793103448;23500;955,896551724138;"si"
0;3;10;1406,52173913043;3;3171,73913043478;5,5;2,75;7,5;4;3;0;3;3;5,5;16;1;3,5;19;3;3;5;0;-918;1207;25500;2;739,5;24600;619,695652173913;"si"
0;1;11;815,151515151515;3;2906,06060606061;1,6;2,66666666666667;7;7,5;1,25;0;16;1,6;7,5;10;1,5;2;21;2;2;3;1;1100;299;25000;2;750,272727272727;26100;1156,78787878788;"si"
1;7;7;1293,02325581395;1;2213,95348837209;7;0,8;2,66666666666667;3;3,5;0;5;2,5;11;9;2,66666666666667;10;13;1;4;3;0;125;2134;24200;1;831,581395348837;24300;860,255813953488;"si"
0;2;11;1142,85714285714;2;2682,85714285714;1,66666666666667;1;8;6;1,5;0;3,5;2;8;5;0,5;2;11;1;3;3;0;2900;869;23900;2;577,257142857143;26800;836,028571428571;"si"
0;1;11;846,428571428571;3;2871,42857142857;3;1;6;6;4;0;7;1,5;1;4;0;1,66666666666667;8;1;1;4;0;-73;-488;23200;1;606,428571428571;23100;1124,64285714286;"si"
0;3;10;1827,65957446809;4;2040,42553191489;2,33333333333333;4,5;11;8;7;1;1;1,75;10;10;1,33333333333333;3,5;13;0;3;4;0;3200;891;23800;2;976;27000;780,297872340426;"si"
0;2;11;416;3;3540;0,666666666666667;0,75;11;7;1;0;11;1;11;3;0;13;18;1;0;4;0;4300;3746;23000;3;383,2;27300;878,72;"si"
0;5;8;1314,70588235294;1;2302,94117647059;4;0,75;10;6,5;0,333333333333333;0;13;1,33333333333333;11;5;0,4;11;16;0;1;4;0;-1400;-109;25000;2;715,705882352941;23600;1159,76470588235;"si"
0;4;10;1250;2;3381,25;1;0,25;12;10;0,166666666666667;0;12;1;10;1;0,25;10;16;1;2;3;0;1500;1056;22800;2;724,9375;24300;1002,15625;"si"
0;3;11;1037,14285714286;5;2751,42857142857;1,5;1,33333333333333;7,5;12;1,75;0;5;0,8;17;7;2;4;18;2;2;3;0;-1400;-409;24600;3;699,971428571429;23200;1236,94285714286;"si"
0;3;9;854,285714285714;1;2611,42857142857;2,66666666666667;3,33333333333333;12;6;1,4;0;1,4;1;12;12;5,5;2;17;1;1;4;1;2000;790;22900;1;601,8;24900;877,8;"si"
0;2;11;741,935483870968;3;2451,61290322581;0;0,333333333333333;12;13;0,5;0;12;0;11;1;0;11;13;1;1;4;0;2900;1120;21800;1;627,322580645161;24700;1153,29032258065;"si"
1;5;11;1265,625;3;2787,5;1,5;1,33333333333333;11;11;1,5;0;4,5;4;7;5;0,666666666666667;5,5;11;1;3;2;0;-729;-937;25000;2;952,53125;24300;958,59375;"si"
0;0;11;850;3;2450;2;0,5;7;6;1;0;6;2;5;3;0,25;5;9;1;2;2;0;4600;2333;21700;1;875,107142857143;26300;770,107142857143;"si"
0;1;9;784;2;3196;0;0,333333333333333;13;14;0,333333333333333;0;11;0,5;6;3;0,6;12;16;1;0;4;0;6900;4501;22900;2;497,44;29800;1331,56;"si"
0;2;10;1862,96296296296;2;1922,22222222222;1,33333333333333;0,6;10;13;1;0;6;0,666666666666667;11;5;2;4,5;17;1;2;2;0;3300;134;22700;0;665,888888888889;26000;604,222222222222;"si"
0;3;11;1530;2;2050;1,5;1,5;10;13;1,5;0;11;0,4;10;4;1;5;14;1;3;1;0;398;-2946;24600;1;884,1;25000;1143,83333333333;"si"
0;5;10;1655;2;2045;3;1,66666666666667;8;10;3;0;10;1;9;6;1;2;12;1;4;2;1;-1500;-1300;24500;2;980,325;23000;1199,25;"si"
0;1;11;916;3;2992;1;0,4;12;10;0,25;0;9;0,25;8;2;1;8;14;1;1;3;0;4900;4778;22600;1;606,4;27500;1145,2;"si"
0;1;11;855,263157894737;3;2855,26315789474;2,5;2;5,5;9;6;0;12;1;5,5;7;1,5;5;15;1;1;5;1;2100;1704;23000;3;842,842105263158;25100;1102,02631578947;"si"
0;0;11;516,666666666667;2;3495,83333333333;0;0;6;6;0;0;7;0;7;0;0;6;12;1;0;3;0;6600;2346;22600;1;810,791666666667;29200;1054,125;"si"
0;1;11;532,258064516129;3;3703,22580645161;4;3;6,5;4;2,33333333333333;0;9;2;4,5;11;1,16666666666667;3,33333333333333;17;2;0;5;3;2900;2144;23000;2;445,322580645161;26300;992,612903225806;"si"
0;2;10;1131,57894736842;3;2910,52631578947;1,2;1,2;4;6,5;4;0;8;0,833333333333333;13;8;3,5;13;19;2;2;4;0;-541;1364;25100;1;437,210526315789;24600;1050,07894736842;"si"
0;1;11;809,375;3;2468,75;3;3,5;16;9;2;0;4;1;2,8;11;1;4,5;18;1;3;2;1;2900;2192;23800;1;844,53125;26700;912,71875;"si"
0;3;9;1180;2;2811,42857142857;1,28571428571429;2,33333333333333;13;9,5;1;1;7,5;1,6;10;10;3,33333333333333;5;23;1;0;5;0;413;218;24400;1;796,6;24800;1959,48571428571;"si"
0;1;10;1319,44444444444;1;2341,66666666667;4;1,5;16;3,33333333333333;2,5;0;13;1,66666666666667;13;8;0,833333333333333;5,5;17;1;2;3;0;1100;-235;22700;3;1276,63888888889;24500;930,638888888889;"si"
0;6;8;2070;2;1704;1,57142857142857;4;4,33333333333333;6,5;9;2;8,5;2;19;13;1,8;2,6;21;1;2;5;2;2000;1029;23500;3;1335,46;25500;1648,86;"si"
0;3;10;540,625;2;2874,96875;2;1;6,5;12;1,25;0;16;0,8;13;6;1,25;2,66666666666667;19;1;1;3;0;281;-932;22500;4;646,375;22800;981,59375;"si"
0;1;10;1312,90322580645;2;2367,74193548387;3;5;10;11;0,666666666666667;0;11;0,4;7;5;0,8;12;15;1;1;3;0;-1000;-200;24200;2;477,838709677419;23200;943,709677419355;"si"
3;8;8;1869,76744186047;1;1934,88372093023;2,4;2;6,33333333333333;4;7;2;3,75;3;6,66666666666667;18;1,85714285714286;3,8;24;1;3;4;2;1600;1350;22900;1;1199,32558139535;24500;1738,06976744186;"si"
0;0;11;788,571428571429;3;2520;0,333333333333333;0;9;8;0,5;0;12;0,333333333333333;11;1;0,333333333333333;3;14;1;2;4;0;2000;622;22700;0;484,457142857143;24700;844,628571428571;"si"
0;1;9;834,615384615385;2;2750;1;1,2;10;12;0,666666666666667;0;13;1,5;12;7;0,8;1,5;18;1;2;2;0;1800;-353;23400;3;671,384615384615;25200;1074,73076923077;"si"
0;4;7;1126,66666666667;1;2216,66666666667;1,5;2;4;9;1,5;0;7;1,5;7;4;0,333333333333333;6;11;1;1;4;1;125;-575;24200;0;996,333333333333;24300;934,233333333333;"si"
0;5;9;1381,57894736842;2;2492,10526315789;0,5;3;1;5;5;0;4;1,5;6;6;5;1;7;2;4;2;0;3600;931;22800;1;887,447368421053;26300;898,710526315789;"si"
0;4;10;1350;2;3081,25;2,33333333333333;1;5,5;14;2;1;13;1,25;2,66666666666667;7;0,666666666666667;9;16;1;2;3;0;226;-617;23500;2;994,5625;23700;657,3125;"si"
0;3;9;1083,33333333333;1;2604,16666666667;1,25;1,33333333333333;17;17;1;0;7,5;1,25;13;6;0,75;3,66666666666667;19;1;1;2;0;5200;4051;21400;2;619,208333333333;26600;1082,08333333333;"si"
0;4;10;1997,22222222222;1;1916,66666666667;4,5;4;4;4;1,66666666666667;1;1,75;9;7;10;4;9;9;0;4;1;0;1200;2740;24100;2;826,25;25300;1358,27777777778;"si"
2;9;8;2108,88888888889;1;2175,55555555556;1,85714285714286;1,75;2,4;5,25;4,25;3;3;6,33333333333333;12;20;3,75;3;26;0;3;4;1;594;-103;24100;2;1042,86666666667;24700;2323,35555555556;"si"
0;3;9;1243,24324324324;2;3018,91891891892;0,75;4;10;4;2;1;11;1;5;6;1;6;12;1;1;5;0;1600;2343;23100;0;755,324324324324;25400;883,783783783784;"si"
0;4;9;1427,77777777778;2;2800;3,5;0,666666666666667;6;12;3,5;0;4;1,66666666666667;3,5;8;1,4;7;15;1;3;3;0;-1100;45;24300;4;809,388888888889;23200;1123;"si"
0;1;11;882,926829268293;4;2631,70731707317;6;1,5;14;8;1,6;0;3,5;2,5;3,25;15;1,8;3,5;20;2;3;3;1;-2100;-1898;25500;3;1294,60975609756;23400;760,219512195122;"si"
0;1;7;1737,03703703704;1;1962,96296296296;2,33333333333333;4,33333333333333;2;2,5;3,66666666666667;1;6;2,75;6;15;3,66666666666667;10;16;0;2;2;1;-2;-406;26000;0;722,296296296296;26000;1095,92592592593;"si"
0;6;4;1704,54545454545;0;2718,18181818182;2,5;3,5;3,66666666666667;5,5;4;1;3,5;11;13;13;2;2,2;13;1;2;4;1;2800;451;22900;0;1391,36363636364;25300;1167,31818181818;"si"
0;5;11;1471,875;2;2290,625;0;0,666666666666667;11;9;0,333333333333333;0;10;0;8;2;1;3,5;13;1;2;3;0;-624;1738;25800;0;961,15625;25200;625,28125;"si"
0;1;11;1075;3;2253,57142857143;2;1;6;5;0;0;5;2;7;3;0,666666666666667;6;9;1;3;1;0;1700;506;24300;1;612,035714285714;26000;991,464285714286;"si"
0;4;8;1234,375;1;2065,625;1;1;12;12;0,5;0;10;0,666666666666667;4,5;5;2;8;16;1;1;4;0;-702;1009;24200;3;652,5625;23500;800,25;"si"
0;3;9;1368,96551724138;1;2379,31034482759;2;1;6;7;1,33333333333333;0;2,66666666666667;2;7;5;2;3;10;1;0;4;0;2800;2198;23300;1;800,758620689655;26100;949,103448275862;"si"
0;2;8;762,962962962963;1;2340,74074074074;3;1,33333333333333;10;10;1,5;0;3;1,66666666666667;3,5;8;8;1,5;11;0;0;4;2;1400;1050;23700;3;762,703703703704;25100;627,518518518518;"si"
